cooling_rate_K_per_ps,tag,step,strain,compressive_stress_GPa,a_type_line_length_A,a_type_density_m-2,ca_type_line_length_A,ca_type_density_m-2,c_type_line_length_A,c_type_density_m-2,hcp_partial_line_length_A,hcp_partial_density_m-2,unclassified_line_length_A,unclassified_density_m-2,a_type_line_fraction,ca_type_line_fraction,unclassified_line_fraction,dxa_quality_flag
0.25,R0p25,0,1.42713131890567e-16,0.200335786867048,5.017425688279119,543294790026091.8,0.0,0.0,0.0,0.0,619.079870617685,6.703494764303612e+16,424.3407126571478,4.594828358318123e+16,0.0047856197938123,0.0,0.4047361017336771,ACCEPTABLE
0.25,R0p25,5000,0.0100000000000001,1.72772165240782,0.0,0.0,0.0,0.0,0.0,0.0,425.13414730765805,4.625485112814706e+16,409.4096432137665,4.454401561767808e+16,0.0,0.0,0.4905789820303695,ACCEPTABLE
0.25,R0p25,10000,0.0200000000000001,2.72621785281316,6.8207590476369,743517168443899.9,0.0,0.0,0.0,0.0,572.387766861183,6.239483445995634e+16,282.3514900972364,3.077856569288221e+16,0.007916754400066,0.0,0.3277212090297974,ACCEPTABLE
0.25,R0p25,15000,0.0300000000000001,3.58452758830595,12.772928155319674,1393473092574321.5,0.0,0.0,0.0,0.0,666.1174258887149,7.26706279236535e+16,515.5561691519999,5.624502390431141e+16,0.0106935956589689,0.0,0.4316276695021078,ACCEPTABLE
0.25,R0p25,20000,0.0400000000000001,4.18183987157035,28.65481073522985,3126550371644821.0,0.0,0.0,0.0,0.0,921.7222850217022,1.0056988962222858e+17,1023.7947632350454,1.1170710311288595e+17,0.014514851179097,0.0,0.5185945481756592,CAUTION
0.25,R0p25,25000,0.0500000000000001,4.59620607456351,0.0,0.0,0.0,0.0,0.0,0.0,991.4665446230224,1.0820762185225155e+17,1794.2121739125105,1.9581844036023456e+17,0.0,0.0,0.644084388473826,CAUTION
0.25,R0p25,30000,0.06,5.06290375848044,0.0,0.0,0.0,0.0,0.0,0.0,1032.337153100187,1.1269878231328723e+17,2488.421786274608,2.716574758089588e+17,0.0,0.0,0.7067856189883012,LOW_CONFIDENCE
0.25,R0p25,35000,0.07,3.66621855980407,54.31294163895048,5906501387753069.0,0.0,0.0,0.0,0.0,1730.766644995517,1.882198842865011e+17,4711.833067345581,5.124091553748379e+17,0.0083598078859314,0.0,0.7252418676829652,LOW_CONFIDENCE
0.25,R0p25,40000,0.08,1.72478078591643,10.556557824850472,1143320542645961.0,0.0,0.0,0.0,0.0,2208.084720317809,2.3914505680053632e+17,5176.480423152161,5.606350578085667e+17,0.0014275029203376,0.0,0.6999858328559764,CAUTION
0.25,R0p25,45000,0.09,1.90557947072732,32.61750380297907,3534793347978939.0,0.0,0.0,0.0,0.0,2427.782942107949,2.6310140242295667e+17,4644.831905318154,5.033653409093614e+17,0.0045906315501894,0.0,0.6537199173387589,CAUTION
0.25,R0p25,50000,0.1,1.72206730212643,47.03688654345652,5094595166370524.0,0.0,0.0,0.0,0.0,2332.8116918936057,2.5266832145860083e+17,4149.134171201361,4.493953670529632e+17,0.0072043208486132,0.0,0.6354947363632018,CAUTION
0.25,R0p25,55000,0.11,2.10510135317386,14.082005532405825,1527349946099287.2,0.0,0.0,0.0,0.0,2004.5914037511616,2.1742020803959712e+17,4164.543137155123,4.516909698284536e+17,0.0022774563088068,0.0,0.6735237405770227,CAUTION
0.25,R0p25,60000,0.12,2.31669387226706,0.0,0.0,0.0,0.0,0.0,0.0,2325.718860936706,2.5236139236830576e+17,4196.9830499232885,4.554103696773712e+17,0.0,0.0,0.6434424119451949,CAUTION
0.25,R0p25,65000,0.13,2.12829755261032,0.0,0.0,0.0,0.0,0.0,0.0,2587.2643270295152,2.8047731037086464e+17,4759.239525366551,5.1593441286228986e+17,0.0,0.0,0.6478237296253948,CAUTION
0.25,R0p25,70000,0.14,2.03423451018346,18.177928313612373,1969861937465999.5,0.0,0.0,0.0,0.0,2631.165280974332,2.8512777962118502e+17,4231.762194016521,4.5857740940470246e+17,0.0026417163011168,0.0,0.614982905505899,CAUTION
0.25,R0p25,75000,0.15,2.01073629916501,10.699230256847024,1159435092153205.0,0.0,0.0,0.0,0.0,2281.385072310429,2.472250664816221e+17,4699.3626774101085,5.092521488129914e+17,0.0015303313158904,0.0,0.672158809309215,CAUTION
0.25,R0p25,80000,0.16,2.01572467670813,42.770799396854045,4636316638857352.0,0.0,0.0,0.0,0.0,2402.1239893709267,2.603881053796249e+17,4785.381958604397,5.187311509449425e+17,0.0059155134569916,0.0,0.6618532216410149,CAUTION
0.25,R0p25,85000,0.17,1.88743821709311,44.13983089878598,4781628603901296.0,0.0,0.0,7.88231822706553,853884519540053.9,2451.922685893336,2.6561460274521635e+17,4711.64086014611,5.104078617755736e+17,0.0061172900944633,0.0,0.6529810689246025,CAUTION
0.25,R0p25,90000,0.18,1.81452344121475,117.06364604131952,1.2678403301900366e+16,0.0,0.0,0.0,0.0,2482.91640183896,2.6890855164639648e+17,4495.939810396216,4.869260446334734e+17,0.016497317948818,0.0,0.6335950659240139,CAUTION
0.25,R0p25,95000,0.19,1.93884718163217,14.623174601464855,1583945156576646.8,0.0,0.0,0.0,0.0,2060.606658082382,2.2319968301221165e+17,5579.315977046651,6.043373453236671e+17,0.0019103908925433,0.0,0.7288892268374946,LOW_CONFIDENCE
0.25,R0p25,100000,0.2,1.92420838115463,20.257306334647488,2193100869895114.5,0.0,0.0,0.0,0.0,3160.1508071533462,3.421249286394007e+17,5332.18494171172,5.772741568363658e+17,0.0023705674679097,0.0,0.6239874120914288,CAUTION
0.25,R0p25,105000,0.21,1.83544597580755,86.58162956225908,9371035036355810.0,0.0,0.0,33.52620333956686,3628659193866907.0,2920.753912294228,3.161234938989103e+17,4256.863042145748,4.6073529586586304e+17,0.0118549522935938,0.0,0.5828593032972685,CAUTION
0.25,R0p25,110000,0.22,1.78509743520419,160.8791420522913,1.7409575216417278e+16,0.0,0.0,24.129014099576672,2611127088979837.0,2771.014808076906,2.998660367752371e+17,5001.747412057412,5.412653043328048e+17,0.0202166102369206,0.0,0.6285362828465628,CAUTION
0.25,R0p25,115000,0.23,1.65925875811285,119.71668835926006,1.295308786731073e+16,0.0,0.0,0.0,0.0,2619.555713369264,2.83430286901712e+17,4339.891118047968,4.695668728986231e+17,0.0168600436788118,0.0,0.6111992806883932,CAUTION
0.25,R0p25,120000,0.24,1.66023362430523,243.81317138681823,2.63741253209233e+16,0.0,0.0,0.0,0.0,2508.006172361456,2.712998182963892e+17,3751.995627195985,4.058665178438064e+17,0.0374877164365917,0.0,0.5768915081314575,CAUTION
0.25,R0p25,125000,0.25,1.90052162967074,210.3477555230536,2.276928019341488e+16,0.0,0.0,0.0,0.0,2607.538864817192,2.8225536745380013e+17,4165.442704101696,4.508920564589175e+17,0.0301214142639424,0.0,0.5964837845356182,CAUTION
0.25,R0p25,130000,0.26,1.98285650907854,123.82077820530505,1.3405055442438188e+16,0.0,0.0,0.0,0.0,2207.322604236242,2.389686312589024e+17,3570.426107434195,3.86540616340865e+17,0.0209809913138737,0.0,0.6049960292019492,CAUTION
0.25,R0p25,135000,0.27,2.06519282682003,149.7460863033428,1.6214718602411356e+16,0.0,0.0,0.0,0.0,2705.720637929039,2.9297926806503085e+17,4051.8059465949855,4.38735294373754e+17,0.0216794809528499,0.0,0.5865999707391961,CAUTION
0.25,R0p25,140000,0.28,2.05217603146659,81.27095690270885,8800184987028107.0,0.0,0.0,0.0,0.0,2508.1108193741165,2.715833554769328e+17,5277.897619578677,5.715015199155302e+17,0.0103302492276456,0.0,0.670866935571029,CAUTION
0.25,R0p25,145000,0.29,2.46167558297963,89.13876746050562,9666472485113604.0,0.0,0.0,0.0,0.0,2921.6071128404315,3.1682774591983386e+17,3464.2263437742217,3.7567098568124256e+17,0.0137666640683138,0.0,0.5350179466243233,CAUTION
0.25,R0p25,150000,0.3,2.04045317618663,173.44330675642567,1.8793767467974668e+16,10.639048193888383,1152813571049530.2,0.0,0.0,1821.041835815561,1.973223265388616e+17,3416.1006246406937,3.70157845738384e+17,0.0319933802161307,0.0019624805382822,0.6301344697848511,LOW_CONFIDENCE
0.25,R0p25,155000,0.31,2.11250358418356,0.0,0.0,0.0,0.0,0.0,0.0,1570.3568170090512,1.7036762184049398e+17,3196.271252900945,3.467626759827868e+17,0.0,0.0,0.6705518462994531,LOW_CONFIDENCE
0.25,R0p25,160000,0.32,2.40806829971776,0.0,0.0,0.0,0.0,0.0,0.0,3004.286310933449,3.263625513969071e+17,2175.894634344705,2.363724528688268e+17,0.0,0.0,0.420042206504018,LOW_CONFIDENCE
0.25,R0p25,165000,0.33,2.38045826429158,29.66661138983193,3221404345424891.5,0.0,0.0,0.0,0.0,2615.652059146898,2.840254587466424e+17,2152.54429172082,2.3373803782138928e+17,0.0061832969434943,0.0,0.4486464721176571,LOW_CONFIDENCE
0.25,R0p25,170000,0.34,2.62142323873986,0.0,0.0,0.0,0.0,0.0,0.0,1298.3304714424346,1.4115662203125235e+17,3452.805282242656,3.753946632952056e+17,0.0,0.0,0.7267326090534417,LOW_CONFIDENCE
0.25,R0p25,175000,0.35,2.69973753649096,35.78768377206646,3889753693292395.0,0.0,0.0,0.0,0.0,2367.9024057878014,2.5736667360010067e+17,2770.967645915477,3.0117572579833645e+17,0.006915951856433,0.0,0.5354881013518732,LOW_CONFIDENCE
0.25,R0p25,180000,0.36,2.25286607745537,14.24181579725668,1545511938442696.0,0.0,0.0,0.0,0.0,1943.7225274559712,2.1093141590708304e+17,4111.103723677164,4.461341148888589e+17,0.0023466231784182,0.0,0.6773863265890958,LOW_CONFIDENCE
0.25,R0p25,185000,0.37,2.53100638294222,62.78846775603097,6821986964313067.0,0.0,0.0,0.0,0.0,1602.0762755748606,1.7406609618622426e+17,4736.577719666865,5.146306736545477e+17,0.0098084874024826,0.0,0.739923501155512,LOW_CONFIDENCE
0.25,R0p25,190000,0.38,2.54448508375729,9.600330703026042,1042594690209283.4,0.0,0.0,0.0,0.0,2395.8792874182463,2.601921851147599e+17,3943.5808846720006,4.282723812288973e+17,0.0015120868195857,0.0,0.6211282571550583,LOW_CONFIDENCE
0.25,R0p25,195000,0.39,2.31259666557007,20.912837975658807,2270462143788696.5,0.0,0.0,0.0,0.0,1857.9497088913968,2.0171363083341904e+17,3912.8940850552817,4.248145518610731e+17,0.0036107936339026,0.0,0.6755971173734476,LOW_CONFIDENCE
0.25,R0p25,200000,0.4,2.41288700966304,34.31647440175233,3727269414352361.5,0.0,0.0,0.0,0.0,1941.4276574259,2.1086734735581702e+17,4185.573447660831,4.546142972133218e+17,0.0055696649229694,0.0,0.67933090506403,LOW_CONFIDENCE
0.5,R0p5,0,-2.85370661570263e-16,0.0438071161988831,0.0,0.0,0.0,0.0,0.0,0.0,724.605880830387,7.839121071651318e+16,384.88963170699424,4.163913793684305e+16,0.0,0.0,0.3469050819563603,ACCEPTABLE
0.5,R0p5,5000,0.0099999999999995,1.30441877790902,6.766146903304858,734275339056417.6,0.0,0.0,0.0,0.0,608.7273434109322,6.606026781027394e+16,666.0008091419404,7.227569500533397e+16,0.0052798884132189,0.0,0.5197064157246493,CAUTION
0.5,R0p5,10000,0.0199999999999997,1.95049361604622,0.0,0.0,0.0,0.0,0.0,0.0,956.6006140989944,1.0392813851549757e+17,287.23888894340223,3.1206548058998268e+16,0.0,0.0,0.2309292221712077,ACCEPTABLE
0.5,R0p5,15000,0.0299999999999996,2.77628807004511,0.0,0.0,0.0,0.0,0.0,0.0,813.182076616284,8.852053544364918e+16,263.3797091425945,2.8670716618974948e+16,0.0,0.0,0.2446489487428125,ACCEPTABLE
0.5,R0p5,20000,0.0399999999999996,3.34534483938336,16.461509578881746,1793007739678615.8,0.0,0.0,0.0,0.0,692.8721220062856,7.546847823474093e+16,638.8234349184922,6.958142918838825e+16,0.0122103796270366,0.0,0.4738494132402772,ACCEPTABLE
0.5,R0p5,25000,0.0499999999999996,4.22491987769767,0.0,0.0,0.0,0.0,0.0,0.0,669.911288539216,7.309740272317253e+16,221.3421378034512,2.4151758096071684e+16,0.0,0.0,0.2483492699845735,ACCEPTABLE
0.5,R0p5,30000,0.0599999999999996,4.8377894669192,0.0,0.0,0.0,0.0,0.0,0.0,723.4801494768182,7.895247625256827e+16,520.5203475714216,5.680372904540632e+16,0.0,0.0,0.4184245495130509,ACCEPTABLE
0.5,R0p5,35000,0.0699999999999996,3.73837295446747,55.49567648707473,6030414287452080.0,0.0,0.0,0.0,0.0,1072.7970061296676,1.1657503435978346e+17,2786.085286670834,3.027487830103834e+17,0.0141773934255958,0.0,0.7117568381312723,LOW_CONFIDENCE
0.5,R0p5,40000,0.0799999999999997,3.47529077610051,57.18783376785087,6206597752747834.0,0.0,0.0,0.0,0.0,1041.4660792128946,1.1303035280276128e+17,2269.699560568938,2.463305787945273e+17,0.0169779787712078,0.0,0.6738305757967412,CAUTION
0.5,R0p5,45000,0.0899999999999997,3.21440042978957,50.37111142798553,5462713307466717.0,0.0,0.0,0.0,0.0,1169.5404516371343,1.2683587889286158e+17,3538.149699251316,3.837099658510055e+17,0.0105864781159758,0.0,0.7436116317528847,LOW_CONFIDENCE
0.5,R0p5,50000,0.0999999999999997,2.21330880415043,47.26303923813617,5116842853934006.0,0.0,0.0,0.0,0.0,1898.1606432153,2.0550074390937542e+17,3913.5722843175786,4.236954436101194e+17,0.0080667471877751,0.0,0.6679595457162282,CAUTION
0.5,R0p5,55000,0.11,2.16495151685004,47.58786272017296,5153701835603657.0,0.0,0.0,0.0,0.0,1865.6010716300689,2.0204209892553648e+17,4329.213593733036,4.688480374909588e+17,0.0076233249147399,0.0,0.6935172114032694,CAUTION
0.5,R0p5,60000,0.12,1.97631286189645,27.388664415337114,2965151938228391.5,0.0,0.0,0.0,0.0,2063.9824883420583,2.2345089862614182e+17,4349.369178148948,4.708714617510655e+17,0.0042524093517496,0.0,0.6752902546432743,CAUTION
0.5,R0p5,65000,0.13,1.94667161066491,0.0,0.0,0.0,0.0,0.0,0.0,2415.7832563524444,2.615410656188569e+17,4083.933297170464,4.421407688995361e+17,0.0,0.0,0.6283248297892213,CAUTION
0.5,R0p5,70000,0.14,2.06287116903144,0.0,0.0,0.0,0.0,0.0,0.0,2471.1490339028464,2.675716353305869e+17,4428.892279676274,4.795526023391521e+17,0.0,0.0,0.6418646031814791,CAUTION
0.5,R0p5,75000,0.15,2.08374808335274,14.301544274546796,1549024773448082.2,0.0,0.0,0.0,0.0,2950.0210724849844,3.1952183874338496e+17,4355.635183134805,4.7176631231256966e+17,0.0019537741426259,0.0,0.5950355592483982,CAUTION
0.5,R0p5,80000,0.16,2.02808416650759,48.35564800990995,5236078801020432.0,0.0,0.0,0.0,0.0,2666.7611499460986,2.887640244580323e+17,4685.310959334245,5.073379925615111e+17,0.0065341693204523,0.0,0.6331135324871843,CAUTION
0.5,R0p5,85000,0.17,2.24359760423819,81.92378540984492,8874450525702328.0,0.0,0.0,0.0,0.0,2765.9566505635303,2.99624160783879e+17,4457.76404469196,4.82890362938716e+17,0.0112137656885247,0.0,0.6101808069759762,CAUTION
0.5,R0p5,90000,0.18,2.09693516410609,42.73088756829559,4627108531774648.0,0.0,0.0,0.0,0.0,2944.940379643984,3.188924810990504e+17,5529.727531240667,5.987858173387675e+17,0.0050168940752259,0.0,0.6492272655173849,CAUTION
0.5,R0p5,95000,0.19,1.95424494491053,28.734058595427875,3109328931895321.0,0.0,0.0,0.0,0.0,3324.500257269115,3.597460762352973e+17,4955.240743891639,5.362094379504182e+17,0.003458403424066,0.0,0.5964079699647137,CAUTION
0.5,R0p5,100000,0.2,2.08713880804925,85.95461470760037,9307049273274936.0,0.0,0.0,0.0,0.0,2843.607974158703,3.0790202037904544e+17,5654.286607821897,6.122384963650328e+17,0.0100135280499525,0.0,0.6587122488129705,CAUTION
0.5,R0p5,105000,0.21,1.93513368327063,45.63762027059246,4938234090134132.0,0.0,0.0,0.0,0.0,4502.611143208732,4.872065570066265e+17,5406.363660396544,5.849974028693144e+17,0.0045845702803186,0.0,0.5431013715239712,CAUTION
0.5,R0p5,110000,0.22,1.94390420973748,27.03552543604428,2925218896112511.5,0.0,0.0,0.0,0.0,3766.4336139111065,4.075246402896675e+17,5485.261030927059,5.93500180188292e+17,0.0029137096283558,0.0,0.5911650549446849,CAUTION
0.5,R0p5,115000,0.23,1.94628632978323,73.6477802105267,7968327879593261.0,0.0,0.0,0.0,0.0,4055.903209714069,4.388287947105972e+17,4661.359907475877,5.0433623391475e+17,0.0083777188814761,0.0,0.5302476571403163,CAUTION
0.5,R0p5,120000,0.24,1.7448787100449,124.6248860641352,1.347819433851326e+16,0.0,0.0,0.0,0.0,3486.236779087807,3.7703686881957626e+17,5595.601604861045,6.051648932493425e+17,0.013536673357516,0.0,0.607790575028618,LOW_CONFIDENCE
0.5,R0p5,125000,0.25,1.67643323835599,108.88747895361672,1.177074765744121e+16,0.0,0.0,0.0,0.0,3692.672620905936,3.991782895510056e+17,5474.673066459687,5.918127207237213e+17,0.01173832923357,0.0,0.5901827787530716,LOW_CONFIDENCE
0.5,R0p5,130000,0.26,1.65163038279734,8.069601094228537,872275496867632.4,0.0,0.0,0.0,0.0,3306.068168680107,3.573661474513566e+17,4283.590276162789,4.630304265212835e+17,0.001062107125372,0.0,0.5637988422675159,LOW_CONFIDENCE
0.5,R0p5,135000,0.27,1.7164724727174,133.5186785989297,1.444188265621638e+16,0.0,0.0,0.0,0.0,2891.05537603034,3.127074273905252e+17,4488.190779436189,4.854596020234231e+17,0.0177722425162984,0.0,0.5974086609346783,LOW_CONFIDENCE
0.5,R0p5,140000,0.28,1.76099414513599,7.746703680962898,838151548923160.6,0.0,0.0,0.0,0.0,2986.9034444223457,3.2316683992685466e+17,4679.01763565035,5.062444673592657e+17,0.0010095177298871,0.0,0.6097498311767617,LOW_CONFIDENCE
0.5,R0p5,145000,0.29,1.63117721943314,80.77317899153265,8736919639552306.0,0.0,0.0,0.0,0.0,2385.396771087476,2.580190622387607e+17,4462.825833591865,4.827264589585805e+17,0.0116572706223729,0.0,0.6440797444427842,LOW_CONFIDENCE
0.5,R0p5,150000,0.3,1.54275669132945,87.33583751863583,9442378397788854.0,0.0,0.0,0.0,0.0,4418.770540315286,4.77738631472513e+17,3077.263071271134,3.327005634117128e+17,0.0115167588899341,0.0,0.4057909998878261,LOW_CONFIDENCE
0.5,R0p5,155000,0.31,1.76121535011701,20.5319057287966,2222147320675460.0,0.0,0.0,0.0,0.0,2189.098367459066,2.36923894751844e+17,4744.3940143912005,5.1348094943381645e+17,0.0029525214292779,0.0,0.6822515737923729,LOW_CONFIDENCE
0.5,R0p5,160000,0.32,1.52484153669067,111.2185133935754,1.2035049785339182e+16,0.0,0.0,0.0,0.0,2910.797363224125,3.1497985463506464e+17,4312.567500481065,4.666665916245156e+17,0.0151635761263332,0.0,0.5879771595407132,LOW_CONFIDENCE
0.5,R0p5,165000,0.33,1.85763355932788,56.260738358822586,6097168457894649.0,0.0,0.0,0.0,0.0,2500.2649621792457,2.7096225731256986e+17,3728.641622821723,4.040856333677436e+17,0.0089513509289913,0.0,0.5932446076596327,LOW_CONFIDENCE
0.5,R0p5,170000,0.34,2.03123671318524,102.23170646666426,1.1081603195752016e+16,0.0,0.0,0.0,0.0,2804.2323811916617,3.03970182941022e+17,4007.897374788387,4.3444377377368346e+17,0.0147854154026955,0.0,0.5796482287708105,LOW_CONFIDENCE
0.5,R0p5,175000,0.35,2.09433559254791,36.500338773246426,3957271668587137.5,0.0,0.0,0.0,0.0,2161.6131523246136,2.343564682859712e+17,4014.93316792581,4.352885976047199e+17,0.0058747890972674,0.0,0.6462100460962452,LOW_CONFIDENCE
0.5,R0p5,180000,0.36,1.7757037005785,44.91408325101813,4864583606000186.0,0.0,0.0,0.0,0.0,2432.766189076784,2.6348961537239443e+17,4673.828862032455,5.0621608221243584e+17,0.0062803643828437,0.0,0.6535444161815447,LOW_CONFIDENCE
0.5,R0p5,185000,0.37,2.13698388047204,76.38110007174147,8283768342508861.0,0.0,0.0,0.0,0.0,1921.903076476476,2.084363782052456e+17,4444.009683912116,4.819666998618375e+17,0.0118561962130494,0.0,0.6898179096093846,LOW_CONFIDENCE
0.5,R0p5,190000,0.38,2.19668628002476,5.922193513736196,642343905828363.8,0.0,0.0,0.0,0.0,3300.1714918329444,3.579493039277642e+17,3219.7980786767084,3.492316941414939e+17,0.0009074918383391,0.0,0.493388213458756,LOW_CONFIDENCE
0.5,R0p5,195000,0.39,2.11242453627299,28.884700933825883,3133013987486729.0,0.0,0.0,0.0,0.0,1634.71402609929,1.773112320270595e+17,3835.045357021727,4.159728284437407e+17,0.0052530588436496,0.0,0.69745291719148,LOW_CONFIDENCE
0.5,R0p5,200000,0.4,2.22758495350954,35.75543959008624,3880587770222413.0,0.0,0.0,0.0,0.0,1617.5130530643082,1.755509495578077e+17,3362.9678694201234,3.649875972813114e+17,0.0071279415500467,0.0,0.6704165487188755,LOW_CONFIDENCE
1.0,R1p0,0,-1.42709516329022e-16,0.0890998228055931,14.51053179440416,1570442015256941.0,0.0,0.0,0.0,0.0,646.6069495029151,6.998080671640874e+16,466.4899782304946,5.048715456396868e+16,0.0128684247978285,0.0,0.4136989111670453,ACCEPTABLE
1.0,R1p0,5000,0.0099999999999997,1.31468621775351,3.9394531805486297,427489366833839.3,0.0,0.0,0.0,0.0,714.8587035996673,7.757282053417429e+16,1383.757999872457,1.501583605911405e+17,0.0018736494471664,0.0,0.6581312919962328,CAUTION
1.0,R1p0,10000,0.0199999999999998,2.59283647366,0.0,0.0,0.0,0.0,0.0,0.0,659.0354058776239,7.170850144057971e+16,1949.1009815523817,2.1207830307289683e+17,0.0,0.0,0.7473155893787362,LOW_CONFIDENCE
1.0,R1p0,15000,0.0299999999999999,3.30848766450538,0.0,0.0,0.0,0.0,0.0,0.0,991.8603382736852,1.0797996814883074e+17,1728.7837307517466,1.8820594490923296e+17,0.0,0.0,0.6354317900066282,CAUTION
1.0,R1p0,20000,0.0399999999999998,3.41761498714978,15.27597475537711,1660933524311402.8,0.0,0.0,0.0,0.0,1148.790371993148,1.2490623163526454e+17,2549.40528415219,2.771929628919106e+17,0.0041136640517896,0.0,0.6865288165763701,CAUTION
1.0,R1p0,25000,0.0499999999999997,3.19519799689547,28.994394115617347,3148057176824071.0,0.0,0.0,0.0,0.0,983.1832239306932,1.0674880778284354e+17,3272.609134583004,3.5532250241141754e+17,0.0067668231325223,0.0,0.7637740974098195,LOW_CONFIDENCE
1.0,R1p0,30000,0.0599999999999998,3.45749856416673,14.025013558620469,1523499567913687.5,0.0,0.0,0.0,0.0,1009.4712825658733,1.0965615515324022e+17,3335.6447308723923,3.62342131432315e+17,0.0032173800920321,0.0,0.7652068859929485,LOW_CONFIDENCE
1.0,R1p0,35000,0.0699999999999999,3.254483264573,15.2541558736339,1655251935833870.0,0.0,0.0,0.0,0.0,879.6670810975036,9.545402911430342e+16,4386.446374768933,4.759800485464736e+17,0.002888296554045,0.0,0.8305512316579146,LOW_CONFIDENCE
1.0,R1p0,40000,0.0799999999999998,2.33569927738496,0.0,0.0,0.0,0.0,0.0,0.0,914.3365894768448,9.909765151282898e+16,4023.645602295743,4.360908600798461e+17,0.0,0.0,0.8148359888781561,LOW_CONFIDENCE
1.0,R1p0,45000,0.0899999999999997,1.7466261793648,0.0,0.0,0.0,0.0,0.0,0.0,966.1571872508756,1.0459143505660576e+17,3401.2566470990896,3.682033507696092e+17,0.0,0.0,0.7787804811048602,LOW_CONFIDENCE
1.0,R1p0,50000,0.0999999999999999,1.69525776700191,29.060874753265004,3146280095157196.5,0.0,0.0,0.0,0.0,1844.7733789497,1.997246748951775e+17,3968.372429005262,4.29636454152059e+17,0.0049742976124551,0.0,0.6792591643070166,CAUTION
1.0,R1p0,55000,0.11,1.66096284068435,23.361858972843407,2529148336217377.0,0.0,0.0,0.0,0.0,1978.7791522223088,2.1422207909063347e+17,3487.928843965401,3.776022037807044e+17,0.0042552935735205,0.0,0.6353159314879795,CAUTION
1.0,R1p0,60000,0.12,1.7239190980498,10.49639688648827,1136734551118920.8,0.0,0.0,0.0,0.0,1839.469185651007,1.9921009101130285e+17,3690.7666377048936,3.997011548407449e+17,0.0018944060945845,0.0,0.666115323931579,CAUTION
1.0,R1p0,65000,0.13,1.97732035026741,17.226139954250872,1866441484626556.8,0.0,0.0,0.0,0.0,1766.2247271576196,1.913693439560565e+17,3449.510987672212,3.737523569508543e+17,0.0032918527656574,0.0,0.6591890182647892,CAUTION
1.0,R1p0,70000,0.14,1.98108330320421,26.96800289656178,2921744185937333.0,0.0,0.0,0.0,0.0,1712.689135699213,1.8555469397347142e+17,3345.15064653064,3.624174355836887e+17,0.0053036425438629,0.0,0.6578716026032593,CAUTION
1.0,R1p0,75000,0.15,2.00378867915222,39.95450992303604,4329329213667243.0,0.0,0.0,0.0,0.0,1374.4396670767649,1.4892941534161517e+17,4064.946074094253,4.4046316234282464e+17,0.0072918468450756,0.0,0.7418677957227808,LOW_CONFIDENCE
1.0,R1p0,80000,0.16,1.63028675008845,121.8837238634376,1.3194402756947244e+16,0.0,0.0,0.0,0.0,3920.006332869429,4.2435643354328576e+17,4246.557076546734,4.5970686341271226e+17,0.0147052544226351,0.0,0.5123465238133749,CAUTION
1.0,R1p0,85000,0.17,1.67809927097508,39.01137592127385,4223362642278800.0,0.0,0.0,0.0,0.0,3655.350314396378,3.957273897085256e+17,4239.0921398807,4.58923146337599e+17,0.004911560713514,0.0,0.5337047956785946,CAUTION
1.0,R1p0,90000,0.18,1.48544732521908,35.17421357784751,3805709560134240.0,0.0,0.0,0.0,0.0,3919.89567127048,4.241170708157107e+17,3366.456788699933,3.642371920037157e+17,0.004785647408866,0.0,0.4580251715435051,CAUTION
1.0,R1p0,95000,0.19,1.59372285512277,58.772259298971726,6361099872848736.0,0.0,0.0,0.0,0.0,3481.1495293178505,3.7677537144975206e+17,4141.122341900219,4.482062305706431e+17,0.0076299346247203,0.0,0.5376089522258714,CAUTION
1.0,R1p0,100000,0.2,1.64745373450541,95.03986662116912,1.0288887583568622e+16,0.0,0.0,17.05498223024501,1846349338916956.8,3497.6092417934287,3.786464520568641e+17,3116.6340433798896,3.374025916858358e+17,0.0141203118645092,0.0,0.4630461534156682,CAUTION
1.0,R1p0,105000,0.21,1.47008218977765,40.75415687453821,4411249255174127.0,0.0,0.0,0.0,0.0,3476.567835407045,3.7630535019319866e+17,3331.0530618095227,3.60554762133556e+17,0.0059509236209533,0.0,0.4864005016517903,LOW_CONFIDENCE
1.0,R1p0,110000,0.22,1.40489125245263,64.59669041638085,6991447028548305.0,0.0,0.0,0.0,0.0,3219.84812376933,3.4849150091434605e+17,3624.1021992192495,3.922448408511885e+17,0.0093502570498602,0.0,0.5245824038234438,LOW_CONFIDENCE
1.0,R1p0,115000,0.23,1.56452340187383,58.65967231487511,6353244107700190.0,0.0,0.0,0.0,0.0,3134.5007555405955,3.394878912521671e+17,4272.753539149221,4.62768460426111e+17,0.0078383168428769,0.0,0.5709407282672943,LOW_CONFIDENCE
1.0,R1p0,120000,0.24,1.63074061331015,48.34003976601791,5235787871580638.0,0.0,0.0,0.0,0.0,2362.416573275212,2.5587715901447578e+17,3958.883999414999,4.287931273838749e+17,0.0075714071298599,0.0,0.6200723599845015,LOW_CONFIDENCE
1.0,R1p0,125000,0.25,1.63189421843551,29.52670507361082,3197781923545440.0,0.0,0.0,0.0,0.0,2984.6406870187457,3.232406058662076e+17,3797.1947213562494,4.11241302064127e+17,0.0043349192983459,0.0,0.5574794964811701,LOW_CONFIDENCE
1.0,R1p0,130000,0.26,1.49684351767494,52.34623152623044,5662639395369895.0,0.0,0.0,0.0,0.0,2384.46991430494,2.579439413332256e+17,3995.040076602962,4.321700085041936e+17,0.0081385885685143,0.0,0.621133299383835,LOW_CONFIDENCE
1.0,R1p0,135000,0.27,1.71253199252552,68.48022652013636,7417323525696029.0,0.0,0.0,0.0,0.0,2080.350690426005,2.253297762275576e+17,3867.719266411527,4.1892567480200096e+17,0.0113819754565596,0.0,0.6428466726846217,LOW_CONFIDENCE
1.0,R1p0,140000,0.28,1.90489993692144,57.11456108582321,6189482406031405.0,0.0,0.0,0.0,0.0,1853.987047951128,2.009158434582096e+17,4236.123287409144,4.590670060092067e+17,0.0092911129896748,0.0,0.6891114866902269,LOW_CONFIDENCE
1.0,R1p0,145000,0.29,2.25493776650909,17.826012053119413,1933939017991252.8,0.0,0.0,0.0,0.0,2502.470231746143,2.7149228936421488e+17,3886.375026004304,4.216317300212556e+17,0.0027824140341238,0.0,0.6066137721661913,LOW_CONFIDENCE
1.0,R1p0,150000,0.3,2.12258142175537,39.40452748751973,4273121958375314.5,0.0,0.0,0.0,0.0,1748.3468153777549,1.8959494362703456e+17,3680.940577050345,3.991700702984012e+17,0.0072054758367386,0.0,0.6730934254396876,LOW_CONFIDENCE
1.0,R1p0,155000,0.31,2.21119708904947,39.55793481577717,4291345225005579.0,0.0,0.0,0.0,0.0,1702.7663570981135,1.847204185421421e+17,3133.7468007569955,3.399568110022136e+17,0.0081126657228677,0.0,0.6426786527922571,LOW_CONFIDENCE
1.0,R1p0,160000,0.32,2.67332444536961,98.62326949425734,1.0718388400204938e+16,0.0,0.0,0.0,0.0,1728.920286080493,1.8789925779415776e+17,2941.768706846008,3.197117652379201e+17,0.0206787192927894,0.0,0.6168119311510246,LOW_CONFIDENCE
1.0,R1p0,165000,0.33,2.78072617647596,9.532370245717129,1036227647209249.8,0.0,0.0,0.0,0.0,1818.494207872686,1.9768157613624026e+17,3577.4740657788284,3.888935740614655e+17,0.0017634574248879,0.0,0.6618210414640813,LOW_CONFIDENCE
1.0,R1p0,170000,0.34,2.71632580680384,0.0,0.0,0.0,0.0,0.0,0.0,2184.087505370859,2.37335059350632e+17,3959.282796560924,4.3023762335390746e+17,0.0,0.0,0.6444805704314984,LOW_CONFIDENCE
1.0,R1p0,175000,0.35,2.23867770463689,23.51151096696869,2551500991720789.0,0.0,0.0,0.0,0.0,1560.1451487649697,1.693090631178361e+17,3801.393833050228,4.125324037479103e+17,0.004366070661451,0.0,0.7059160983068615,LOW_CONFIDENCE
1.0,R1p0,180000,0.36,2.65460495051285,33.38236815282598,3627802303536092.0,0.0,0.0,0.0,0.0,1923.4938488541093,2.0903416389647942e+17,3154.5836964476007,3.428218737591628e+17,0.0065308872060124,0.0,0.6171590406380789,LOW_CONFIDENCE
1.0,R1p0,185000,0.37,2.58925518228672,36.79735162529019,3997117074136092.0,0.0,0.0,0.0,0.0,1766.20551062098,1.918543017667701e+17,3064.5147072356995,3.328833059772242e+17,0.0075597778744548,0.0,0.6295847243468383,LOW_CONFIDENCE
1.0,R1p0,190000,0.38,2.75754750944155,16.405040685827622,1783324399549790.5,0.0,0.0,0.0,0.0,2379.1843666027253,2.586313324815753e+17,3375.293277164624,3.6691422911276864e+17,0.0028427264220814,0.0,0.5848833639016274,LOW_CONFIDENCE
1.0,R1p0,195000,0.39,2.64055023745621,16.916960228399994,1838201457208812.0,0.0,0.0,0.0,0.0,1927.4669655714963,2.094390798937568e+17,4430.231252088122,4.813901217128199e+17,0.0026538010148566,0.0,0.6949801875814418,LOW_CONFIDENCE
1.0,R1p0,200000,0.4,2.17288739091533,44.736863661823065,4855111667910378.0,0.0,0.0,0.0,0.0,1721.7282931783036,1.8685223864530426e+17,4553.536572901503,4.941769881874148e+17,0.0070786157306403,0.0,0.7204960959856659,LOW_CONFIDENCE
2.0,R2p0,0,0.0,0.0176651238820598,0.0,0.0,0.0,0.0,0.0,0.0,582.182614817895,6.29616651946125e+16,468.6583039250641,5.0684280965062296e+16,0.0,0.0,0.4459840643488496,ACCEPTABLE
2.0,R2p0,5000,0.0099999999999999,1.35425648984061,0.0,0.0,0.0,0.0,0.0,0.0,752.5802499994647,8.16595321025337e+16,289.2750436038471,3.1388100750248216e+16,0.0,0.0,0.2776537637999361,ACCEPTABLE
2.0,R2p0,10000,0.02,2.65925726501693,4.314779239027981,469509220636723.1,0.0,0.0,0.0,0.0,817.4212638572205,8.894703512385189e+16,1024.233472012596,1.114511386457425e+17,0.0023374054683528,0.0,0.554848530070229,CAUTION
2.0,R2p0,15000,0.0299999999999999,3.14512889665256,29.135697872097715,3169254685186092.0,0.0,0.0,0.0,0.0,1025.361130232044,1.115343308494311e+17,1666.7339889753769,1.813000850951919e+17,0.0107068087312662,0.0,0.6124926920988464,CAUTION
2.0,R2p0,20000,0.04,3.31748996050783,18.677748494063923,2029360225310503.2,0.0,0.0,0.0,0.0,1022.9427122352286,1.1114397721123507e+17,2252.085948278674,2.4469189361179898e+17,0.0056707387285588,0.0,0.6837543085562929,CAUTION
2.0,R2p0,25000,0.0499999999999999,3.64004223719166,24.017838140628903,2608887874962098.0,0.0,0.0,0.0,0.0,1133.302183124183,1.2310260011367277e+17,2839.6648798874503,3.0845271046947296e+17,0.0060089889590788,0.0,0.7104517405279224,LOW_CONFIDENCE
2.0,R2p0,30000,0.0599999999999999,3.48889414963483,18.680936414197333,2026652165308064.0,0.0,0.0,0.0,0.0,986.3715366285252,1.070091973005806e+17,3590.8544794876457,3.895636088472007e+17,0.004064689865819,0.0,0.7813157482465196,LOW_CONFIDENCE
2.0,R2p0,35000,0.0699999999999999,2.64215602708392,15.832848816275424,1714269741387087.8,0.0,0.0,0.0,0.0,1505.3668676076632,1.6299055847572666e+17,5679.0230464097895,6.148847552370179e+17,0.0021989387464512,0.0,0.7887287981871751,LOW_CONFIDENCE
2.0,R2p0,40000,0.08,1.78626027401112,11.172493240113942,1208436395725036.5,0.0,0.0,0.0,0.0,1571.7908701541471,1.7000764763436326e+17,5359.704616588434,5.797150188255483e+17,0.0016092506904156,0.0,0.7719949494980448,LOW_CONFIDENCE
2.0,R2p0,45000,0.0899999999999999,1.61416597733452,13.729861329465892,1484117523327020.2,0.0,0.0,0.0,0.0,1464.3191783442642,1.582843191329659e+17,4046.033707600293,4.373525253699691e+17,0.0024854554063733,0.0,0.7324353911238737,LOW_CONFIDENCE
2.0,R2p0,50000,0.1,1.80220355407854,0.0,0.0,0.0,0.0,0.0,0.0,1679.659052753973,1.8173002965653466e+17,4060.978215366743,4.393758901862316e+17,0.0,0.0,0.7074089557823889,LOW_CONFIDENCE
2.0,R2p0,55000,0.11,1.89783530499288,0.0,0.0,0.0,0.0,0.0,0.0,1799.6001526133548,1.946420133141858e+17,4230.497231683078,4.57564141289445e+17,0.0,0.0,0.7015636667328339,LOW_CONFIDENCE
2.0,R2p0,60000,0.12,1.87859831684105,20.12947658592708,2176890562558424.8,0.0,0.0,0.0,0.0,1545.472655921065,1.6713424340694176e+17,3695.585769505925,3.996569781842716e+17,0.0038260326300502,0.0,0.7024242126178389,LOW_CONFIDENCE
2.0,R2p0,65000,0.13,1.57190200132549,0.0,0.0,0.0,0.0,0.0,0.0,2018.9623746645616,2.182243913955309e+17,3038.345376398849,3.284068484556204e+17,0.0,0.0,0.6007831688233668,LOW_CONFIDENCE
2.0,R2p0,70000,0.14,1.5857333006499,9.26277260480926,1001569234822621.6,0.0,0.0,0.0,0.0,1796.8825898358316,1.9429412740128736e+17,3093.424857543146,3.34487231818919e+17,0.0018905275746491,0.0,0.6313665727100002,LOW_CONFIDENCE
2.0,R2p0,75000,0.15,1.72773733579659,0.0,0.0,0.0,0.0,0.0,0.0,2009.9541864359617,2.173562674481029e+17,3066.3434651430493,3.3159411035093766e+17,0.0,0.0,0.6040511560998096,LOW_CONFIDENCE
2.0,R2p0,80000,0.16,1.78943795432085,0.0,0.0,0.0,0.0,0.0,0.0,2183.2678957766675,2.361399156221497e+17,3086.895598483696,3.338753194559365e+17,0.0,0.0,0.5857305189574432,LOW_CONFIDENCE
2.0,R2p0,85000,0.17,1.82791044841781,12.128845974996064,1312142391281399.5,0.0,0.0,10.52255657492706,1138368198844497.8,1646.735398857878,1.7814978675791178e+17,3572.189851825822,3.864524080814213e+17,0.0023139690168441,0.0,0.6815105622126267,LOW_CONFIDENCE
2.0,R2p0,90000,0.18,1.84520818020167,6.687651345643615,723239802730728.0,0.0,0.0,0.0,0.0,1973.3632561277525,2.1341047526462352e+17,3315.273670897391,3.585321291158681e+17,0.0012629351131675,0.0,0.626075629894136,LOW_CONFIDENCE
2.0,R2p0,95000,0.19,1.90500502468588,0.0,0.0,0.0,0.0,0.0,0.0,1943.654773645088,2.102501569353113e+17,3569.4040875073056,3.861116591999213e+17,0.0,0.0,0.6474453071159834,LOW_CONFIDENCE
2.0,R2p0,100000,0.2,1.94649049313309,0.0,0.0,0.0,0.0,0.0,0.0,1582.0586475874125,1.710980673515516e+17,4020.779758729386,4.3484332708773696e+17,0.0,0.0,0.7176326474445962,LOW_CONFIDENCE
2.0,R2p0,105000,0.21,1.87949387722214,0.0,0.0,0.0,0.0,0.0,0.0,1574.7596348810755,1.7026052695978922e+17,4507.848516147521,4.873814687738948e+17,0.0,0.0,0.7411045400623458,LOW_CONFIDENCE
2.0,R2p0,110000,0.22,1.86491408686853,19.78240870963652,2138462525340864.8,0.0,0.0,0.0,0.0,1680.1156623686818,1.8161915644091888e+17,3881.098739574526,4.195436629354872e+17,0.0035446013285433,0.0,0.6954131799836172,LOW_CONFIDENCE
2.0,R2p0,115000,0.23,2.00144648857979,8.926186318870453,965147135311295.2,0.0,0.0,14.360513991192107,1552735787163215.8,1802.6398110884736,1.949110838065384e+17,3875.61121165834,4.1905186883727565e+17,0.0015655752452137,0.0,0.6797484117285526,LOW_CONFIDENCE
2.0,R2p0,120000,0.24,1.73973752086447,35.38691860530211,3823977722468468.0,0.0,0.0,0.0,0.0,2719.029816569222,2.9382353296312006e+17,4150.407005681379,4.485008741768393e+17,0.0051149788321542,0.0,0.5999178457913069,LOW_CONFIDENCE
2.0,R2p0,125000,0.25,1.67631719619529,99.72079804599964,1.0780154870147356e+16,0.0,0.0,0.0,0.0,2363.841690802362,2.5553926577689168e+17,3204.5240337816485,3.4641986472411e+17,0.0175933796437053,0.0,0.5653625824142746,LOW_CONFIDENCE
2.0,R2p0,130000,0.26,1.75056015498355,137.94601786428376,1.4915937726774072e+16,0.0,0.0,0.0,0.0,2967.203687196176,3.2084018158766854e+17,2796.677398203456,3.024013781573605e+17,0.0233734427408072,0.0,0.4738663721031058,LOW_CONFIDENCE
2.0,R2p0,135000,0.27,1.73511810214905,103.3429548666387,1.117735554393698e+16,0.0,0.0,0.0,0.0,3074.9341198909374,3.325783743706287e+17,3696.491629879222,3.9980472075397536e+17,0.0149870990926347,0.0,0.5360760820472645,LOW_CONFIDENCE
2.0,R2p0,140000,0.28,1.74146678126143,160.36085691534132,1.7347049146420156e+16,0.0,0.0,0.0,0.0,2612.3135732217165,2.825872398802473e+17,4058.6791107141175,4.390479532064105e+17,0.0234742435677484,0.0,0.5941251739415042,LOW_CONFIDENCE
2.0,R2p0,145000,0.29,1.77767449408951,47.03348017545078,5088415094382764.0,0.0,0.0,0.0,0.0,3121.4098472629657,3.3769623092568966e+17,3460.401318018654,3.743707298193648e+17,0.0070895963810915,0.0,0.5216039419118814,LOW_CONFIDENCE
2.0,R2p0,150000,0.3,1.72863070214637,10.868118801876587,1175898055665442.0,0.0,0.0,0.0,0.0,3839.917118911824,4.154675851781449e+17,4318.984158492259,4.67301210725076e+17,0.0013302846475597,0.0,0.528654353511862,LOW_CONFIDENCE
2.0,R2p0,155000,0.31,1.62464617964316,15.93786048597354,1723984269775067.2,0.0,0.0,0.0,0.0,3755.572728240016,4.062369797489499e+17,4877.479484118659,5.275926410681932e+17,0.0018427423724318,0.0,0.5639363027404264,LOW_CONFIDENCE
2.0,R2p0,160000,0.32,1.64667199413753,10.251891968163974,1109711777102001.0,0.0,0.0,0.0,0.0,3686.38018056946,3.990306875996042e+17,3107.2124276256054,3.3633891535352966e+17,0.0015067792874922,0.0,0.4566848092355812,LOW_CONFIDENCE
2.0,R2p0,165000,0.33,1.65355620797162,8.217082938151618,889135426394052.1,0.0,0.0,0.0,0.0,3138.47504573279,3.396009714175319e+17,3705.591412723265,4.009662097356141e+17,0.0011991743903346,0.0,0.5407819729493133,LOW_CONFIDENCE
2.0,R2p0,170000,0.34,1.75967197393707,157.48624177151942,1.7052941977827984e+16,0.0,0.0,0.0,0.0,2660.215372551472,2.880537238450389e+17,4458.310054222946,4.827552033664707e+17,0.0216445834539174,0.0,0.6127409159465944,LOW_CONFIDENCE
2.0,R2p0,175000,0.35,1.9339596991425,58.62820745922848,6351671121402198.0,0.0,0.0,0.0,0.0,2635.1326780613394,2.85485380803176e+17,3615.7233939458265,3.9172075796919264e+17,0.0092920760021588,0.0,0.5730616376544191,LOW_CONFIDENCE
2.0,R2p0,180000,0.36,2.17893195261898,33.00071207519512,3577774129110466.5,0.0,0.0,0.0,0.0,2441.3483900764672,2.6467892845034704e+17,3480.373302598892,3.7732487509093984e+17,0.005541939629103,0.0,0.5844728042775461,LOW_CONFIDENCE
2.0,R2p0,185000,0.37,2.53931962552315,0.0,0.0,0.0,0.0,0.0,0.0,2042.9082430134488,2.216706982640949e+17,4259.003048351068,4.6213342320469306e+17,0.0,0.0,0.6758271977244682,LOW_CONFIDENCE
2.0,R2p0,190000,0.38,2.33546596302114,87.79846098187609,9520064675856718.0,0.0,0.0,0.0,0.0,2005.467912428182,2.174546571563797e+17,4941.104461599567,5.357683212044261e+17,0.0124813523542018,0.0,0.7024230848063904,LOW_CONFIDENCE
2.0,R2p0,195000,0.39,2.12276896712904,44.54069252578014,4830163666680517.0,0.0,0.0,0.0,0.0,1866.294680775612,2.023881589444053e+17,5336.950253420923,5.787593713329586e+17,0.0061454207974309,0.0,0.7363559752297008,LOW_CONFIDENCE
2.0,R2p0,200000,0.4,2.34602165226184,10.279186898056205,1115652431735474.8,0.0,0.0,0.0,0.0,2933.1121921405093,3.183455833781296e+17,4097.955946185474,4.4477200014441024e+17,0.0014598323904905,0.0,0.581984634035232,LOW_CONFIDENCE
5.0,R5p0,0,-1.42669411605233e-16,0.0184271762756378,27.69255874861155,2993467875711584.0,0.0,0.0,0.0,0.0,740.8599842188737,8.008434985339094e+16,90.85366916051154,9820961020301364.0,0.0322228980403124,0.0,0.105716793616777,ACCEPTABLE
5.0,R5p0,5000,0.0099999999999998,1.34402718319716,25.76427560652317,2794843122138969.0,0.0,0.0,0.0,0.0,630.6060093306071,6.840653682150962e+16,256.33304949270735,2.7806357581822144e+16,0.0282285323550593,0.0,0.2808503484353299,ACCEPTABLE
5.0,R5p0,10000,0.0199999999999999,2.54963431959062,23.415766150400355,2545445781713584.5,0.0,0.0,0.0,0.0,747.2885519694829,8.123511654992549e+16,378.6625690401306,4.11630793058441e+16,0.0203727516530937,0.0,0.3294531739780437,ACCEPTABLE
5.0,R5p0,15000,0.0299999999999997,3.32628517288218,22.4627734983652,2443647288046796.0,0.0,0.0,0.0,0.0,845.384689823629,9.196647087209155e+16,1642.2441067948414,1.7865404546647418e+17,0.0089489856727894,0.0,0.6542566519668446,CAUTION
5.0,R5p0,20000,0.0399999999999997,3.39960572784679,6.423309990301298,697868860493089.5,0.0,0.0,0.0,0.0,1029.917049855561,1.1189667617947088e+17,2770.9882436711328,3.010576184195359e+17,0.0016870910444577,0.0,0.727803804775729,LOW_CONFIDENCE
5.0,R5p0,25000,0.0499999999999997,3.37237653358175,24.66683715048641,2677332124861666.5,0.0,0.0,0.0,0.0,881.594425012538,9.568803088881107e+16,3457.973105056197,3.753275065057149e+17,0.005652042277052,0.0,0.7923435851726564,LOW_CONFIDENCE
5.0,R5p0,30000,0.0599999999999997,3.39043757116419,0.0,0.0,0.0,0.0,0.0,0.0,1210.7507842658283,1.3137415768967248e+17,3612.348685909831,3.91962798670056e+17,0.0,0.0,0.7489683155504706,LOW_CONFIDENCE
5.0,R5p0,35000,0.0699999999999998,3.3634528934166,12.810167201759084,1388088404678549.8,0.0,0.0,0.0,0.0,1440.7885511024404,1.5612145024182627e+17,3741.19226428083,4.053893692354144e+17,0.0024659639328519,0.0,0.7201814811842807,LOW_CONFIDENCE
5.0,R5p0,40000,0.0799999999999998,2.60133717174242,0.0,0.0,0.0,0.0,0.0,0.0,1351.5848282939603,1.462302597697607e+17,5431.308249558359,5.876224707442671e+17,0.0,0.0,0.800736232639846,LOW_CONFIDENCE
5.0,R5p0,45000,0.0899999999999999,2.21845331027082,0.0,0.0,0.0,0.0,0.0,0.0,1927.9973720429407,2.0851858115275408e+17,6093.208822333388,6.589984388589216e+17,0.0,0.0,0.7596374752970863,LOW_CONFIDENCE
5.0,R5p0,50000,0.0999999999999998,1.78732876322136,37.70095699497759,4074141217697347.0,0.0,0.0,0.0,0.0,2478.5288704736395,2.678413874691487e+17,4942.582268397694,5.341184878734421e+17,0.0050545524555943,0.0,0.6626500580617767,CAUTION
5.0,R5p0,55000,0.11,1.68998358302265,32.455840157383264,3509408846893298.0,0.0,0.0,0.0,0.0,1955.0859984593776,2.1140097024632803e+17,4997.032957958653,5.403228382269481e+17,0.0046467882587923,0.0,0.7154383915265299,LOW_CONFIDENCE
5.0,R5p0,60000,0.12,1.61243615416851,20.26629559773442,2190311285908734.0,0.0,0.0,0.0,0.0,2670.667672594832,2.8863654514394835e+17,4173.169788359139,4.510217884356829e+17,0.0029525042622484,0.0,0.6079700914159254,CAUTION
5.0,R5p0,65000,0.13,1.76197890225704,0.0,0.0,0.0,0.0,0.0,0.0,3323.845349947577,3.593951169402053e+17,5098.441892536314,5.512756844146886e+17,0.0,0.0,0.6053512241684945,CAUTION
5.0,R5p0,70000,0.14,1.60112741168404,0.0,0.0,0.0,0.0,0.0,0.0,3316.045213290469,3.5826233584877574e+17,5290.919116560606,5.716258131489791e+17,0.0,0.0,0.6147253449407692,LOW_CONFIDENCE
5.0,R5p0,75000,0.15,1.50677525961831,23.5842545090786,2547882351844405.0,0.0,0.0,0.0,0.0,3502.291662061889,3.783637559264079e+17,4876.206569537611,5.267921721965007e+17,0.0028069534604154,0.0,0.5803569028987272,LOW_CONFIDENCE
5.0,R5p0,80000,0.16,1.44712698055802,34.51212966545461,3727789867402549.0,0.0,0.0,0.0,0.0,3432.77539121173,3.707874722444876e+17,4384.0496072120495,4.735383142789293e+17,0.0043957008981289,0.0,0.5583825449970189,LOW_CONFIDENCE
5.0,R5p0,85000,0.17,1.58452660440982,49.53173948165789,5350174274863946.0,0.0,0.0,0.0,0.0,3163.7823415124976,3.417361690093106e+17,4829.966850862683,5.217092043274675e+17,0.0061581511203318,0.0,0.6004970971152763,LOW_CONFIDENCE
5.0,R5p0,90000,0.18,1.63757395383116,18.723327639067744,2023697697816311.5,0.0,0.0,0.0,0.0,2977.8033668494377,3.218537823089079e+17,3936.4279709824737,4.254660483468209e+17,0.0027006274442147,0.0,0.5677850441728022,LOW_CONFIDENCE
5.0,R5p0,95000,0.19,1.4269558268522,64.37162087719302,6956071262817390.0,0.0,0.0,0.0,0.0,2819.414259130956,3.0466914206392166e+17,3443.458460179359,3.721040749502958e+17,0.0101737213573903,0.0,0.5442271982936117,LOW_CONFIDENCE
5.0,R5p0,100000,0.2,1.4993346166247,30.53783946036476,3300712215452500.5,0.0,0.0,0.0,0.0,2793.0650336728163,3.0189116316374125e+17,3604.695122875619,3.896169943685824e+17,0.0047505326416611,0.0,0.5607542035409223,LOW_CONFIDENCE
5.0,R5p0,105000,0.21,1.60521856564172,0.0,0.0,0.0,0.0,0.0,0.0,2169.946619595407,2.346607727958718e+17,3631.529799597313,3.9271822703345306e+17,0.0,0.0,0.6259664845974922,LOW_CONFIDENCE
5.0,R5p0,110000,0.22,1.65775619958868,0.0,0.0,0.0,0.0,0.0,0.0,1429.667438827661,1.5464689707882797e+17,3544.456735267506,3.834033153813388e+17,0.0,0.0,0.7125790614007483,LOW_CONFIDENCE
5.0,R5p0,115000,0.23,1.43716316831645,37.5967486070042,4064341800774247.0,0.0,0.0,0.0,0.0,2536.692887257788,2.742254934110928e+17,3978.826912715229,4.301252937702535e+17,0.0057107933676918,0.0,0.6043676431130274,LOW_CONFIDENCE
5.0,R5p0,120000,0.24,1.80677599155004,0.0,0.0,0.0,0.0,0.0,0.0,1931.3390637846423,2.090518248959006e+17,3882.101151635584,4.202060349722158e+17,0.0,0.0,0.6677803516991984,LOW_CONFIDENCE
5.0,R5p0,125000,0.25,1.59456225407593,21.9960319454848,2379452703461103.5,0.0,0.0,0.0,0.0,2604.904811963881,2.817893614833847e+17,3255.4559227511045,3.521636727745645e+17,0.0037393229989299,0.0,0.5534271469561494,LOW_CONFIDENCE
5.0,R5p0,130000,0.26,1.84338580381172,56.38786172241917,6106344777283576.0,0.0,0.0,9.084311573243312,983756731254734.6,2131.700125448117,2.308457091677496e+17,3304.3385547338457,3.578328714680356e+17,0.0102495229445517,0.0,0.6006238363857996,LOW_CONFIDENCE
5.0,R5p0,135000,0.27,1.75749666083178,41.46731078645752,4489036296925381.5,0.0,0.0,0.0,0.0,1993.8347938440456,2.158422282489005e+17,3264.694612467177,3.5341893013539885e+17,0.0078240257494282,0.0,0.6159804971077317,LOW_CONFIDENCE
5.0,R5p0,140000,0.28,1.89952006743656,29.396840708202863,3184630914502889.0,0.0,0.0,0.0,0.0,2053.352728785398,2.2244467163589325e+17,2888.609194769703,3.1293002649138323e+17,0.00586250391324,0.0,0.5760647164861201,LOW_CONFIDENCE
5.0,R5p0,145000,0.29,2.18131167108199,9.826516014825248,1065972149317196.0,0.0,0.0,0.0,0.0,2032.3843843004456,2.2047133969994144e+17,2529.206923352384,2.743662286904459e+17,0.0021495554320041,0.0,0.553265315250313,LOW_CONFIDENCE
5.0,R5p0,150000,0.3,2.30817428959419,0.0,0.0,0.0,0.0,0.0,0.0,1555.7851786667277,1.687716220638252e+17,2859.4307376090906,3.101911307440374e+17,0.0,0.0,0.6476310087278785,LOW_CONFIDENCE
5.0,R5p0,155000,0.31,2.15880029384987,26.265254331579072,2848340929212620.5,0.0,0.0,0.0,0.0,2126.171462464485,2.3057310325680582e+17,2107.693373629414,2.2856924309774845e+17,0.0061653643842026,0.0,0.4947485942662633,LOW_CONFIDENCE
5.0,R5p0,160000,0.32,2.26823392360248,73.25785649425298,7945864786596173.0,0.0,0.0,0.0,0.0,1890.1399709709976,2.0501277754768288e+17,2881.550327285381,3.125454438893908e+17,0.0151204624186579,0.0,0.5947535938975782,LOW_CONFIDENCE
5.0,R5p0,165000,0.33,2.57611970220678,7.496053158385814,813770767706562.2,0.0,0.0,0.0,0.0,2880.289472574096,3.126839319024361e+17,2855.012000499705,3.099398121075216e+17,0.0013052964385641,0.0,0.497146554002377,LOW_CONFIDENCE
5.0,R5p0,170000,0.34,2.43511689088541,69.77497839441313,7570651320096219.0,0.0,0.0,0.0,0.0,1843.0107069568928,1.999684093444572e+17,3957.098089221429,4.293488950089472e+17,0.011886943775048,0.0,0.6741356798856663,LOW_CONFIDENCE
5.0,R5p0,175000,0.35,2.30384732675388,76.1015077326432,8255656780192198.0,0.0,0.0,0.0,0.0,2100.621554335901,2.278799868012644e+17,4041.531430701223,4.384341040317725e+17,0.0122384035296608,0.0,0.6499462888501085,LOW_CONFIDENCE
5.0,R5p0,180000,0.36,2.32586606761227,72.03346594513096,7817340961547506.0,0.0,0.0,0.0,0.0,2036.1430962879188,2.2096985923609616e+17,3963.7261932498095,4.301583815840944e+17,0.0118634090244751,0.0,0.6527980359485519,LOW_CONFIDENCE
5.0,R5p0,185000,0.37,2.55507533398048,48.2040932822655,5233009984107424.0,0.0,0.0,0.0,0.0,2175.5090332816326,2.3617206997371462e+17,3617.819585715508,3.927485141539597e+17,0.0082519598291277,0.0,0.6193271122338383,LOW_CONFIDENCE
5.0,R5p0,190000,0.38,2.61024628527,30.485875205708723,3308309472682071.0,0.0,0.0,0.0,0.0,1887.0588977069367,2.0478253567159523e+17,5062.674742119775,5.493985228715608e+17,0.0043674665445771,0.0,0.7252887579275886,LOW_CONFIDENCE
5.0,R5p0,195000,0.39,2.34663283862777,94.68495540852712,1.0272291576254886e+16,0.0,0.0,0.0,0.0,2125.6524699437555,2.306102576363699e+17,5526.444461912822,5.995593349314186e+17,0.0122224888716925,0.0,0.7133858345744465,LOW_CONFIDENCE
5.0,R5p0,200000,0.4,2.5250663552876,0.0,0.0,0.0,0.0,0.0,0.0,2098.636812608354,2.27915137565218e+17,5120.917190465451,5.561393657602026e+17,0.0,0.0,0.7093121248605059,LOW_CONFIDENCE
